Nombre,URL,Categoria,Logo
Quimera 102.5 FM,https://streaming.seytratec.com/quimera,Variada,https://cdn.radoxo.com/images/ecuador/radio-quimera.webp?v=1778176802
Selva 94.1 FM,https://radio.kapchosting.com/8034/stream,Variada,https://cdn.radoxo.com/images/ecuador/radio-selva.webp?v=1778176802
Arcoiris Tena,https://securestream.radioshd.info:7073,Variada,https://cdn.radoxo.com/images/ecuador/radio-arcoiris.webp?v=1778176802
Canela 106.1 FM Tena,https://canelaradio.makrodigital.com:9202/stream,Variada,https://cdn.radoxo.com/images/ecuador/canela-nueva-tena.webp?v=1778176802
Sucumbios 94.5 FM,https://canelaradio.makrodigital.com:9230/stream,Variada,https://static.mytuner.mobi/media/tvos_radios/YFgyK62Gvx.png
Sucumbíos 105.3 FM,https://aler.org:8445/radiosucumbios.mp3,Noticias,https://static.mytuner.mobi/media/tvos_radios/NN7TGZ9GCP.png
La Suprema Estacion 96.1,https://smartstreamec.com/8004/stream,Variada,https://cdn.onlineradiobox.com/img/l/5/30265.v9.png
La Chismosa FM,https://smartstreamec.com/8006/stream,Variada,https://cdn.onlineradiobox.com/img/l/5/106495.v14.png
Mega 103.3,https://smartstreamec.com/8042/stream,Variada,https://cdn.onlineradiobox.com/img/l/0/30390.v11.png
Conecta2 Radio Ec,https://nazca.globalhost1.com/8324/stream,Variada,https://cdn.onlineradiobox.com/img/l/9/66549.v44.png
De Moda,https://stream.zeno.fm/ak5591emp9duv,Pop,https://cdn.onlineradiobox.com/img/l/8/30738.v35.png
La Picosa,https://radiohdstreaming.com/radio/8000/picosa,Variada,https://cdn.onlineradiobox.com/img/l/8/30738.v35.png
Canela Cuenca,https://cuenca.canelaradio.makrodigital.com/stream/canelaradiocuenca,Variada,https://cdn.onlineradiobox.com/img/l/3/61383.v28.png
Mi Radio 19.77,https://nazca.globalhost1.com:7178/stream,Variada,https://cdn.onlineradiobox.com/img/l/2/147482.v7.png
La Voz del Tomebamba,https://streamingecuador.com:8074/lavozdeltomebamba,Noticias,https://cdn.onlineradiobox.com/img/l/0/27830.v5.png
LAEX FM,https://smartstreamec.com/8016/stream,Variada,https://cdn.onlineradiobox.com/img/l/7/30207.v22.png
Genesis 93.3 FM,https://sonic.mediatelekom.net/8466/stream,Variada,https://cdn.onlineradiobox.com/img/l/2/30732.v31.png
W Radio Ecuador,https://aacplus.rstreaminghd.com/8072/stream,Noticias,https://cdn.onlineradiobox.com/img/l/6/31066.v14.png
COSMOS,https://smartstreamec.com/8020/CosmosFm,Variada,https://cdn.onlineradiobox.com/img/l/3/29243.v7.png
La Tukka,http://grupomundodigital.com:8673/stream,Variada,https://cdn.onlineradiobox.com/img/l/4/128484.v1.png
Maggica FM Ecuador,https://smartstreamec.com/8008/stream,Variada,https://cdn.onlineradiobox.com/img/l/6/30336.v15.png
Antena Uno,https://dattavolt.com/8202/stream,Variada,https://cdn.onlineradiobox.com/img/l/2/61182.v11.png
Candela Online,https://smartstreamec.com/8036/stream,Variada,https://cdn.onlineradiobox.com/img/l/4/100624.v2.png
Radioactiva Ecuador,https://smartstreamec.com/8028/activa,Variada,https://cdn.onlineradiobox.com/img/l/4/30214.v12.png
Radiante 97.7 FM,https://aacplus.rstreaminghd.com/8094/stream,Variada,https://cdn.onlineradiobox.com/img/l/8/76218.v16.png
Super FM 9'49,https://dattavolt.com/8028/stream,Variada,https://cdn.onlineradiobox.com/img/l/7/29247.v7.png
La Cholita Radio,https://smartstreamec.com/8038/stream,Variada,https://cdn.onlineradiobox.com/img/l/9/150289.v2.png
SONOONDA,https://streamtotal.net/proxy/radiosonoonda/stream,Variada,https://cdn.onlineradiobox.com/img/l/7/61237.v29.png
La Competencia,https://cast2.my-control-panel.com/proxy/jonatha1/stream,Variada,https://cdn.onlineradiobox.com/img/l/3/149753.v2.png
Radio Enamorate HD,https://radio.conecta2service.com/8006/stream,Romantica,https://cdn.onlineradiobox.com/img/l/7/156457.v5.png
Rock And Pop Planeta,https://aacplus.rstreaminghd.com:7047/stream,Rock,https://cdn.onlineradiobox.com/img/l/6/104736.v4.png
La Voz Del Rio Tarqui,https://radiohdstreaming.com/radio/8240/tarqui,Variada,https://cdn.onlineradiobox.com/img/l/8/30268.v6.png
Su Comadrita Radio,https://aacplus.rstreaminghd.com:7072/stream,Variada,https://cdn.onlineradiobox.com/img/l/5/103195.v5.png
La Nueva Ecua Stereo,https://sonic.portalstreaming.com/8026/stream,Variada,https://cdn.onlineradiobox.com/img/l/3/61943.v14.png
La Chicherita,https://sonic.portalstreaming.com/8026/stream,Variada,https://cdn.onlineradiobox.com/img/l/6/86476.v2.png
M&C RADIO,https://aacplus.rstreaminghd.com/8032/stream,Variada,https://cdn.onlineradiobox.com/img/l/7/148267.v1.png
Ecua Ambato Radio,https://radio.cimaspeed.com/8162/stream,Variada,https://cdn.onlineradiobox.com/img/l/1/32921.v22.png
Radio Cuenca Estereo,https://sonic.globalstreaming.net/8122/stream,Variada,https://cdn.onlineradiobox.com/img/l/1/84181.v19.png
Cheverisima Radio Mix,https://nazca.globalhost1.com:7192/stream,Variada,https://cdn.onlineradiobox.com/img/l/9/113659.v17.png
Latina Mix Radio,https://app.sonicpanelradio.com/8592/stream,Variada,https://cdn.onlineradiobox.com/img/l/2/90492.v9.png
Dulzura Radio,https://aacplus.rstreaminghd.com:7074/stream,Romantica,https://cdn.onlineradiobox.com/img/l/2/79272.v10.png
Tomebamba FM,https://smartstreamec.com/8034/fm102,Noticias,https://cdn.onlineradiobox.com/img/l/9/112939.v2.png
Catolica Cuenca,https://radiohdstreaming.com/radio/8230/catolica,Religiosa,https://cdn.onlineradiobox.com/img/l/5/29245.v6.png
Hechicera 91.7 FM,https://audiohdstreaming.ovh/listen/hechicera/radio,Variada,https://cdn.onlineradiobox.com/img/l/4/151684.v2.png
Fantasma Radio Online,https://audiohdstreaming.ovh/listen/fantasma/radio,Variada,https://cdn.onlineradiobox.com/img/l/6/115806.v8.png
Sabrosa Ecuador,https://nazca.globalhost1.com:7191/stream,Variada,https://cdn.onlineradiobox.com/img/l/2/121632.v16.png
Radio Viva,https://streamingecuador.net:8132/radioviva,Variada,https://cdn.onlineradiobox.com/img/l/8/61658.v8.png
Multimpactos Digital,https://visual.shoutca.st/stream/multimpactos/radio.mp3,Variada,https://cdn.onlineradiobox.com/img/l/3/56473.v28.png
Buenota,https://audiohdstreaming.ovh/listen/buenota/radio,Variada,https://cdn.onlineradiobox.com/img/l/7/148457.v1.png
Radio La Nuestra FM,https://accplus.tecnohost.ec/8072/stream,Variada,https://cdn.onlineradiobox.com/img/l/6/148856.v4.png
Chicherita Del Austro,https://stream.zeno.fm/02vd4f4z81zuv,Variada,https://cdn.onlineradiobox.com/img/l/8/92808.v6.png
Hits Party,https://stream.zeno.fm/7jbwknheopeuv,Variada,https://cdn.onlineradiobox.com/img/l/6/126516.v2.png
Construye Radio,https://altair.streamerr.co/stream/8160,Variada,https://cdn.onlineradiobox.com/img/l/3/133873.v4.png
Bésame FM,https://stream.zeno.fm/5xq756t2gchvv,Romantica,https://cdn.onlineradiobox.com/img/l/1/112021.v3.png
Cadena Radial Vision,https://dattavolt.com/8200/stream,Variada,https://cdn.onlineradiobox.com/img/l/7/30187.v8.png
KIMSAKOCHA 88.1 FM,https://streamtotal.net/proxy/kimsacocha_oficial/stream,Variada,https://cdn.onlineradiobox.com/img/l/0/153120.v7.png
Radio María,https://radioserver11.profesionalhosting.com:19069/stream,Religiosa,https://cdn.onlineradiobox.com/img/l/5/29255.v14.png
Radio 593NYC,https://us10a.serverse.com/proxy/593nyc/stream,Variada,https://cdn.onlineradiobox.com/img/l/8/98218.v7.png
Radio Sport Ecuador,https://audiohdstreaming.ovh/listen/sport/radio,Deportes,https://cdn.onlineradiobox.com/img/l/0/154200.v1.png
Radio Activa Fe,https://app.sonicpanelradio.com/8508/stream,Religiosa,https://cdn.onlineradiobox.com/img/l/5/91595.v7.png
La Vacan Radio,https://radio.conecta2service.com/8168/stream,Variada,https://cdn.onlineradiobox.com/img/l/9/151879.v2.png
Radio Garisima,https://dattavolt.com/8198/stream,Variada,https://cdn.onlineradiobox.com/img/l/6/91686.v11.png
Radio Gullan Online,https://radio.kapchosting.com/8022/stream,Variada,https://cdn.onlineradiobox.com/img/l/5/74785.v7.png
Radio Fiesta Latinamix,https://stream.zeno.fm/x1qed068m5zuv,Variada,https://cdn.onlineradiobox.com/img/l/9/92209.v7.png
San Fernando 94.5 FM,https://radio.kapchosting.com/8026/stream,Variada,https://cdn.onlineradiobox.com/img/l/0/110190.v5.png
Real Radio,https://stream.zeno.fm/amjzrou7ddbvv,Variada,https://cdn.onlineradiobox.com/img/l/0/151290.v1.png
La Zona Radio Estación,https://nazca.globalhost1.com:7194/stream,Variada,https://cdn.onlineradiobox.com/img/l/8/99768.v7.png
Koka Hit Radio,https://radiohdstreaming.com/listen/koka/radio,Variada,https://cdn.onlineradiobox.com/img/l/6/124526.v3.png
Montalvo Radio Fm,https://stream.zeno.fm/4ycdxxrmgg0uv,Variada,https://cdn.onlineradiobox.com/img/l/8/96708.v1.png
Clásica del Azuay,https://centova.streamrdm.com:4465/stream,Clasica,https://cdn.onlineradiobox.com/img/l/6/151606.v2.png
Beatss Radio,https://stream.zeno.fm/gxnj8121nuduv,Variada,https://cdn.onlineradiobox.com/img/l/4/124284.v10.png
Mass Medios Radio,https://audiohdstreaming.ovh/listen/mass/radio,Variada,https://cdn.onlineradiobox.com/img/l/9/148319.v1.png
Radio La Plena FM,https://stream.zeno.fm/fp71ka5uqv8uv,Variada,https://cdn.onlineradiobox.com/img/l/2/103792.v7.png
Ecua Zona Stereo,https://stream.zeno.fm/x8tqc81704zuv,Variada,https://cdn.onlineradiobox.com/img/l/4/92264.v4.png
Mi Radio Achira De Corazón,https://stream.zeno.fm/a8gkab4ap98uv,Variada,https://cdn.onlineradiobox.com/img/l/7/93707.v3.png
Radio Rocio Ecuador,https://securestream.radioshd.info:7085,Variada,https://cdn.onlineradiobox.com/img/l/0/82110.v2.png
Radio INMACULADA FM,https://stream.zeno.fm/2g3k9f4z81zuv,Religiosa,https://cdn.onlineradiobox.com/img/l/6/92256.v15.png
Presencia Radio Cuenca,https://streaming.brol.tech/rtfmlounge,Variada,https://cdn.onlineradiobox.com/img/l/2/74552.v4.png
Aire Radio Cuenca,https://stream.zeno.fm/vsebvpdxca2tv,Variada,https://cdn.onlineradiobox.com/img/l/0/135970.v3.png
Radio La Union Cuenca,https://server01.heplayer.com/8006/stream,Variada,https://cdn.onlineradiobox.com/img/l/5/123775.v7.png
Radio Fomix Cuenca,https://stream.radiofomix.nl/listen/fomix/stream.mp3,Variada,https://cdn.onlineradiobox.com/img/l/2/133032.v18.png
Radio Nexo Cuenca,https://stream.zeno.fm/xvyq4g94fchvv,Variada,https://cdn.onlineradiobox.com/img/l/2/112022.v3.png
La Mosita Radio Cuenca,https://aacplus.rstreaminghd.com/8052/stream,Variada,https://cdn.onlineradiobox.com/img/l/0/118760.v6.png
Radio Bomba Stereo Cuenca,https://stream.zeno.fm/c4jh2pvp7zztv,Variada,https://cdn.onlineradiobox.com/img/l/4/143344.v2.png
La Chevere Del Austro Cuenca,https://stream.zeno.fm/ghsdktqs6fduv,Variada,https://cdn.onlineradiobox.com/img/l/8/139108.v12.png
EDUcoop Radio Cuenca,https://altair.streamerr.co/stream/8034,Variada,https://cdn.onlineradiobox.com/img/l/3/152673.v3.png
Radio La 20 Cuenca,https://sp.onliveperu.com/8042/stream/;type=mp3,Variada,https://cdn.onlineradiobox.com/img/l/7/98217.v5.png
Radio On Line Cuenca,https://stream.zeno.fm/k0mhcehstqruv,Variada,https://cdn.onlineradiobox.com/img/l/0/107650.v2.png
Ecuamix HD Radio Cuenca,https://aacplus.rstreaminghd.com/8172/stream,Variada,https://cdn.onlineradiobox.com/img/l/9/113339.v9.png
Level Stereo Cuenca,https://stream.zenolive.com/v3dtreyxwhhvv,Variada,https://cdn.onlineradiobox.com/img/l/0/113380.v5.png
Sonva Cuenca Radio,https://stream.zeno.fm/pra984enyrhvv,Variada,https://cdn.onlineradiobox.com/img/l/6/115066.v4.png
The number one radio Cuenca,https://app.sonicpanelradio.com/8054/stream,Variada,https://cdn.onlineradiobox.com/img/l/1/155181.v2.png
Radio Voces Latinas Cuenca,https://aacplus.rstreaminghd.com/8022/stream,Variada,https://cdn.onlineradiobox.com/img/l/5/144325.v4.png
La Nueva Onda Radio Fm Cuenca,https://aacplus.rstreaminghd.com/8080/stream,Variada,https://cdn.onlineradiobox.com/img/l/3/152943.v3.png
Byron Producciones Eventos Cuenca,https://aacplus.rstreaminghd.com/8080/stream,Variada,https://cdn.onlineradiobox.com/img/l/8/133548.v11.png
Zona Libre Fm Radio Tv Cuenca,https://aacplus.rstreaminghd.com/8080/stream,Variada,https://cdn.onlineradiobox.com/img/l/9/151369.v2.png
La Voz De La Prensa Cuenca,https://stream.zeno.fm/h4kfgab8uwzuv,Noticias,https://cdn.onlineradiobox.com/img/l/1/101171.v3.png
RTC Radio Cuenca,https://mediastreamm.com:8204/stream,Variada,https://cdn.onlineradiobox.com/img/l/6/154696.v1.png
La Dinamica Ecuador Cuenca,https://nazca.globalhost1.com:7165/stream,Variada,https://cdn.onlineradiobox.com/img/l/3/136483.v7.png
La Intrusa Radio Cuenca,https://streamaudio.laintrusaradio.com/listen/la_intrusa_radio/radio.mp3,Variada,https://cdn.onlineradiobox.com/img/l/5/135525.v3.png
La UrbanRadio Cuenca,https://stream.zeno.fm/8qkmk133bf9uv.acc,Urban,https://cdn.onlineradiobox.com/img/l/9/131359.v1.png
